number,title,local_title,title_data,organization,first_year,place,additional_data,heading,period,source,editiontypeprice 1981,edition 1981,price 1982,edition 1982,price 1983,edition 1983,price 1984,edition 1984,price 1985,edition 1985
914,Азербайджанский медицинский жур-нал,Азэрба^ан тибб журналы,Ежемес. на-уч.-практ. жури.,/М-во здравоохранения Аз-ССР.,1925,— Баку,"1981 —Азерб. и рус. яз., рез. на англ. яз. — Подзаг.: 1981 —1982 № 2 отсутствует.",37. ЗДРАВООХРАНЕНИЕ. МЕДИЦИНСКИЕ НАУКИОбщие вопросы. Организация здравоохранения. Медицинская промышленность. Медицинская техника. Гигиена и санитария,Ежемес,Летопись печатных и периодических изданий СССР. Журналы. 1981 - 1985,журнал,40.0,8643.0,50.0,6730.0,50.0,6570.0,50.0,6453.0,50.0,6375.0
915,Бюллетень Всемирной организацииздравоохранения.,,,Бюллетень Всемирной организацииздравоохранения.,,— Женева,"1981	—Изд. на рус. яз. с 1964 (М.: Медицина).— Двухмес. — Парал. загл. на англ, яз.: Bulletin of (he World Health Organization.",37. ЗДРАВООХРАНЕНИЕ. МЕДИЦИНСКИЕ НАУКИОбщие вопросы. Организация здравоохранения. Медицинская промышленность. Медицинская техника. Гигиена и санитария,Двухмес,Летопись печатных и периодических изданий СССР. Журналы. 1981 - 1985,журнал,85.0,,85.0,,120.0,,120.0,,120.0,
916,Вестник Академии медицинских наук СССР,,Ежемес. науч.-теорет. журн.,,1946,— М.: Медицина,1981 —Рез. на англ. яз.,37. ЗДРАВООХРАНЕНИЕ. МЕДИЦИНСКИЕ НАУКИОбщие вопросы. Организация здравоохранения. Медицинская промышленность. Медицинская техника. Гигиена и санитария,Ежемес,Летопись печатных и периодических изданий СССР. Журналы. 1981 - 1985,журнал,110.0,2261.0,110.0,2338.0,110.0,2238.0,110.0,2248.0,110.0,2147.0
917,Вопросы медицинской химии,,Двух-мес. науч.-теорет. журн.,/АМН СССР.,1955,— М.: Медицина,1981 —Рез. на англ. яз.,37. ЗДРАВООХРАНЕНИЕ. МЕДИЦИНСКИЕ НАУКИОбщие вопросы. Организация здравоохранения. Медицинская промышленность. Медицинская техника. Гигиена и санитария,Двух-мес,Летопись печатных и периодических изданий СССР. Журналы. 1981 - 1985,журнал,130.0,1780.0,130.0,1550.0,130.0,1529.0,130.0,1513.0,130.0,1574.0
918,Вопросы охраны материнства и дет-ства,,Ежемес. иауч.-практ. журн.,/М-во здравоохранения РСФСР.,1956,— М.:Медицина,1981 —Рез. на англ. яз.,37. ЗДРАВООХРАНЕНИЕ. МЕДИЦИНСКИЕ НАУКИОбщие вопросы. Организация здравоохранения. Медицинская промышленность. Медицинская техника. Гигиена и санитария,Ежемес,Летопись печатных и периодических изданий СССР. Журналы. 1981 - 1985,журнал,40.0,28020.0,50.0,20841.0,50.0,21792.0,50.0,21946.0,50.0,21534.0
919,Вопросы питания,,Двухмес. науч.-практ. журн.,"/М-во здравоохранения СССР,Всесоюз. науч. о-во гигиенистов.",1932,— М.: Медицина,1981 — Рез. на англ. яз.,37. ЗДРАВООХРАНЕНИЕ. МЕДИЦИНСКИЕ НАУКИОбщие вопросы. Организация здравоохранения. Медицинская промышленность. Медицинская техника. Гигиена и санитария,Двухмес,Летопись печатных и периодических изданий СССР. Журналы. 1981 - 1985,журнал,50.0,17626.0,60.0,14035.0,60.0,15762.0,60.0,19593.0,60.0,20339.0
920,Врачебное дело,,Ежемес. науч.-практ. журн.,/М-во здравоохранения УССР.,1918,— Киев: Здоров’я,1981 —Рез. на англ. яз. — Изд-во: 1981—1982 отсутствует.,37. ЗДРАВООХРАНЕНИЕ. МЕДИЦИНСКИЕ НАУКИОбщие вопросы. Организация здравоохранения. Медицинская промышленность. Медицинская техника. Гигиена и санитария,Ежемес,Летопись печатных и периодических изданий СССР. Журналы. 1981 - 1985,журнал,50.0,15583.0,80.0,13223.0,80.0,13820.0,80.0,14042.0,80.0,12622.0
921,Всемирный форум здравоохранения,,Междунар. журн. по вопр. развития здравоохранения,/ ВОЗ.,1982,—  Женева,1982 —Изд. на рус. яз. с 1982 М.: Медицина.— Ежекварт.,37. ЗДРАВООХРАНЕНИЕ. МЕДИЦИНСКИЕ НАУКИОбщие вопросы. Организация здравоохранения. Медицинская промышленность. Медицинская техника. Гигиена и санитария,Ежекварт,Летопись печатных и периодических изданий СССР. Журналы. 1981 - 1985,журнал,,,110.0,,110.0,,110.0,,110.0,
922,Гигиена и санитария,,Ежемес. науч.-практ. журн.,"/М-во здравоохранения СССР, Всесоюз. науч. о-во гигиенистов.",1922,— М.: Медицина,1981 —Рез. на англ. яз.,37. ЗДРАВООХРАНЕНИЕ. МЕДИЦИНСКИЕ НАУКИОбщие вопросы. Организация здравоохранения. Медицинская промышленность. Медицинская техника. Гигиена и санитария,Ежемес,Летопись печатных и периодических изданий СССР. Журналы. 1981 - 1985,журнал,40.0,16816.0,70.0,12663.0,70.0,12729.0,70.0,12936.0,70.0,12896.0
923,Гигиена труда и профессиональныезаболевания,,Ежемес. науч.-практ. журн.,"/М-во здравоохранения СССР, Всесоюз. науч. о-во гигиенистов.",1957,— М.:Медицина,1981 —Рез. на англ. яз.,37. ЗДРАВООХРАНЕНИЕ. МЕДИЦИНСКИЕ НАУКИОбщие вопросы. Организация здравоохранения. Медицинская промышленность. Медицинская техника. Гигиена и санитария,Ежемес,Летопись печатных и периодических изданий СССР. Журналы. 1981 - 1985,журнал,40.0,12267.0,50.0,10023.0,50.0,10142.0,50.0,10488.0,50.0,10524.0
924,Журнал экспериментальной и клинической медицины,,,/АН АрмССР.,1961,— Ереван: Изд-во АН АрмССР,"1981 —	.	.6—1631Двухмес. — Парал. загл. на арм. яз.: Экс-периментал ев клиникакан бжшкутян апдес.—	Рсз. на англ, и арм. яз.",37. ЗДРАВООХРАНЕНИЕ. МЕДИЦИНСКИЕ НАУКИОбщие вопросы. Организация здравоохранения. Медицинская промышленность. Медицинская техника. Гигиена и санитария,Двухмес,Летопись печатных и периодических изданий СССР. Журналы. 1981 - 1985,журнал,40.0,1190.0,90.0,805.0,90.0,735.0,90.0,780.0,90.0,1025.0
925,Здоровье,,Ежемес. науч.-попул. журн.м-в здравоохранения СССР и РСФСР.,м-в здравоохранения СССР и РСФСР.,1955,— М.: Правда,1981 —,37. ЗДРАВООХРАНЕНИЕ. МЕДИЦИНСКИЕ НАУКИОбщие вопросы. Организация здравоохранения. Медицинская промышленность. Медицинская техника. Гигиена и санитария,Ежемес,Летопись печатных и периодических изданий СССР. Журналы. 1981 - 1985,журнал,25.0,12227000.0,40.0,12175000.0,40.0,16175000.0,40.0,16500000.0,40.0,16611000.0
926,Здоровье,Vesehba,Науч.-попул.журн. М-ва здравоохранения ЛатвССР.,М-ва здравоохранения ЛатвССР.,1958,— Рига: Изд-во ЦК КПЛатвии,"1981 ■—Ежемес. — Латыш, яз,",37. ЗДРАВООХРАНЕНИЕ. МЕДИЦИНСКИЕ НАУКИОбщие вопросы. Организация здравоохранения. Медицинская промышленность. Медицинская техника. Гигиена и санитария,Ежемес,Летопись печатных и периодических изданий СССР. Журналы. 1981 - 1985,журнал,20.0,186500.0,35.0,187500.0,35.0,187500.0,35.0,188500.0,35.0,189000.0
927,Здоровье,Ден соолук,Ежемес. науч.-попул. ил. жури. М-ва здравоохранения КиргССР.,Здоровье=Ден соолук: Ежемес. науч.-попул. ил. жури. М-ва здравоохранения КиргССР.,1960,— Фрунзе: Ала-Тоо,1981 —Кирг. яз.,37. ЗДРАВООХРАНЕНИЕ. МЕДИЦИНСКИЕ НАУКИОбщие вопросы. Организация здравоохранения. Медицинская промышленность. Медицинская техника. Гигиена и санитария,Ежемес,Летопись печатных и периодических изданий СССР. Журналы. 1981 - 1985,журнал,20.0,113226.0,25.0,109313.0,25.0,110517.0,25.0,113750.0,25.0,116500.0
928,Здоровье мира,,Офиц. ил. журн. ВОЗ.,ВОЗ.,1948,— [Женева],"1981 —Изд. на рус. яз. с сент. 1960. (Пер. жури.на рус. яз. сделан изд-вом «Медицина» по поручению М-ва здравоохранения СССР).— Ежемес. — Парал. загл. на англ, яз.: World Health. — Выходит также в др. странах па англ., араб., исп., нем., перс., португ. и фр. яз.",37. ЗДРАВООХРАНЕНИЕ. МЕДИЦИНСКИЕ НАУКИОбщие вопросы. Организация здравоохранения. Медицинская промышленность. Медицинская техника. Гигиена и санитария,Ежемес,Летопись печатных и периодических изданий СССР. Журналы. 1981 - 1985,журнал,27.0,,35.0,,35.0,,35.0,,35.0,
929,3дравоохранение,Sveikatos apsauga,Ежемес. журн. М-ва здравоохранения ЛитССР. •,М-ва здравоохранения ЛитССР. •,1956,— Вильнюс: Пе-риодика,"1981 •—Литов, яз., рез. на рус. яз.",37. ЗДРАВООХРАНЕНИЕ. МЕДИЦИНСКИЕ НАУКИОбщие вопросы. Организация здравоохранения. Медицинская промышленность. Медицинская техника. Гигиена и санитария,Ежемес,Летопись печатных и периодических изданий СССР. Журналы. 1981 - 1985,журнал,30.0,10200.0,40.0,9455.0,40.0,10200.0,40.0,10367.0,40.0,11002.0
930,Здравоохранение,Арохчапаутюн,"Науч.-иракт., орг.-метод. журн. М-ва здравоохранения АрмССР.",М-ва здравоохранения АрмССР.,1956,—	Ереван,1981 —Двухмес. — Арм. яз.,37. ЗДРАВООХРАНЕНИЕ. МЕДИЦИНСКИЕ НАУКИОбщие вопросы. Организация здравоохранения. Медицинская промышленность. Медицинская техника. Гигиена и санитария,Двухмес,Летопись печатных и периодических изданий СССР. Журналы. 1981 - 1985,журнал,30.0,100060.0,50.0,81560.0,50.0,85560.0,50.0,85810.0,50.0,90310.0
931,Здравоохранение,Окротиря сэмэтэ-ций,Двухмес. науч.-практ. журн. Орган М-ва здравоохранения МССР.,Орган М-ва здравоохранения МССР.,1958,—Кишинев: Изд-во ЦК КП Молдавии,1981Молд. яз. — Выходит также на рус. яз.,37. ЗДРАВООХРАНЕНИЕ. МЕДИЦИНСКИЕ НАУКИОбщие вопросы. Организация здравоохранения. Медицинская промышленность. Медицинская техника. Гигиена и санитария,Двухмес,Летопись печатных и периодических изданий СССР. Журналы. 1981 - 1985,журнал,30.0,7279.0,35.0,6796.0,35.0,4905.0,35.0,5255.0,35.0,5633.0
932,Здравоохранение,,Двухмес. науч.-практ. журн. Орган М-ва здравоохранения МССР.,Орган М-ва здравоохранения МССР.,1958,— Кишинев: Изд-воЦК КП Молдавии,1981 —Выходит также на молд. яз.,37. ЗДРАВООХРАНЕНИЕ. МЕДИЦИНСКИЕ НАУКИОбщие вопросы. Организация здравоохранения. Медицинская промышленность. Медицинская техника. Гигиена и санитария,Двухмес,Летопись печатных и периодических изданий СССР. Журналы. 1981 - 1985,журнал,30.0,9008.0,35.0,9259.0,35.0,10109.0,35.0,9008.0,35.0,9008.0
933,Здравоохранение Белоруссии,,Науч.-практ. ежемес. журн. Орган М-ва здравоохранения БССР.,Орган М-ва здравоохранения БССР.,1924,— Минск:Полымя,1981 —Рез. на англ. яз.,37. ЗДРАВООХРАНЕНИЕ. МЕДИЦИНСКИЕ НАУКИОбщие вопросы. Организация здравоохранения. Медицинская промышленность. Медицинская техника. Гигиена и санитария,ежемес,Летопись печатных и периодических изданий СССР. Журналы. 1981 - 1985,журнал,30.0,19322.0,50.0,15433.0,50.0,16928.0,50.0,17703.0,50.0,17023.0
934,Здравоохранение Казахстана,,Журн. М-ва здравоохранения КазССР.,Здравоохранение Казахстана: Журн. М-ва здравоохранения КазССР.,1923,— Алма-Ата,1981 —Ежемес.,37. ЗДРАВООХРАНЕНИЕ. МЕДИЦИНСКИЕ НАУКИОбщие вопросы. Организация здравоохранения. Медицинская промышленность. Медицинская техника. Гигиена и санитария,Ежемес,Летопись печатных и периодических изданий СССР. Журналы. 1981 - 1985,журнал,30.0,13620.0,50.0,12187.0,50.0,12456.0,50.0,12223.0,50.0,12367.0
935,Здравоохранение Киргизии,,Науч.-практ. мед. жури.,/ М-во здравоохранения КиргССР.,1938,— Фрунзе: Ала-'Гоо,1981 —Двухмес.,37. ЗДРАВООХРАНЕНИЕ. МЕДИЦИНСКИЕ НАУКИОбщие вопросы. Организация здравоохранения. Медицинская промышленность. Медицинская техника. Гигиена и санитария,Двухмес,Летопись печатных и периодических изданий СССР. Журналы. 1981 - 1985,журнал,35.0,6975.0,40.0,6805.0,40.0,7133.0,40.0,6918.0,40.0,7144.0
936,Здравоохранение Российской Федера-ции,,Ежемес. науч.-практ. журн.,/М-во здравоохранения РСФСР.,1957,—М.: Медицина,1981 -—,37. ЗДРАВООХРАНЕНИЕ. МЕДИЦИНСКИЕ НАУКИОбщие вопросы. Организация здравоохранения. Медицинская промышленность. Медицинская техника. Гигиена и санитария,Ежемес,Летопись печатных и периодических изданий СССР. Журналы. 1981 - 1985,журнал,40.0,7004.0,40.0,6304.0,40.0,6367.0,40.0,6885.0,40.0,6942.0
937,Здравоохранение Советской Эсто-нии,Noukogude Eesti Tervishoid,,/ Орган М-ва здравоохранения ЭССР.,1958,— Таллин: Периодика,"1981 — Двухмес. — Эст. яз., рез. на англ, и рус.яз.",37. ЗДРАВООХРАНЕНИЕ. МЕДИЦИНСКИЕ НАУКИОбщие вопросы. Организация здравоохранения. Медицинская промышленность. Медицинская техника. Гигиена и санитария,Двухмес,Летопись печатных и периодических изданий СССР. Журналы. 1981 - 1985,журнал,40.0,5825.0,50.0,5825.0,50.0,5750.0,50.0,5500.0,50.0,5800.0
938,Здравоохранение Таджикистана,,,"/М-во здравоохранения ТаджССР, Респ. ком. Профсоюза медработников.",1933,— Душанбе,"1981 —Двухмес. — Парал. загл. на тадж. яз.: Нигавдории тандурустии Точикистоп,—Рез. на англ, и тадж. яз.",37. ЗДРАВООХРАНЕНИЕ. МЕДИЦИНСКИЕ НАУКИОбщие вопросы. Организация здравоохранения. Медицинская промышленность. Медицинская техника. Гигиена и санитария,Двухмес,Летопись печатных и периодических изданий СССР. Журналы. 1981 - 1985,журнал,30.0,5575.0,40.0,5730.0,40.0,4568.0,40.0,5083.0,40.0,4873.0
939,Здравоохранение Туркменистана,,Орган М-ва здравоохранения ТССР.,,1934,— Ашхабад,"1981 •—Изд. с 1934 (год выхода журн. «Советское здравоохранение Туркмении»), — Ежемес",37. ЗДРАВООХРАНЕНИЕ. МЕДИЦИНСКИЕ НАУКИОбщие вопросы. Организация здравоохранения. Медицинская промышленность. Медицинская техника. Гигиена и санитария,Ежемес,Летопись печатных и периодических изданий СССР. Журналы. 1981 - 1985,журнал,30.0,4876.0,50.0,5203.0,50.0,5331.0,50.0,5193.0,50.0,5603.0
940,Казанский медицинский журнал,,На-уч.-практ. журн. для врачей. Орган М-ва здравоохранения ТЛССР и Совета науч. мед. о-в.,для врачей. Орган М-ва здравоохранения ТЛССР и Совета науч. мед. о-в.,1901,— Казань: Изд-воТатар,обкома КПСС. 1981 —Двухмес. — Подзаг.: 1981	1983 № 1Орган М-ва ...,37. ЗДРАВООХРАНЕНИЕ. МЕДИЦИНСКИЕ НАУКИОбщие вопросы. Организация здравоохранения. Медицинская промышленность. Медицинская техника. Гигиена и санитария,Двухмес,Летопись печатных и периодических изданий СССР. Журналы. 1981 - 1985,журнал,40.0,7069.0,70.0,7069.0,70.0,4600.0,70.0,5364.0,70.0,5359.0
941,Клиническая медицина,,Ежемес. на-уч.-ппакт. журн.,/ М-во .здравоохранения СССР.,1920,— М.: Медицина,1981 —Рез. на англ. яз.,37. ЗДРАВООХРАНЕНИЕ. МЕДИЦИНСКИЕ НАУКИОбщие вопросы. Организация здравоохранения. Медицинская промышленность. Медицинская техника. Гигиена и санитария,Ежемес,Летопись печатных и периодических изданий СССР. Журналы. 1981 - 1985,журнал,60.0,4066841523.0,85.0,32556.0,85.0,33956.0,85.0,35618.0,85.0,37036.0
942,Лабораторное дело,,"Ежемес. науч,-практ. журн.","/ М-во здравоохранения СССР, Всесоюз. науч. о-во врачеи-лабопантов. •",1955,— М.: Медицина,1981 —Рез. на англ. яз.,37. ЗДРАВООХРАНЕНИЕ. МЕДИЦИНСКИЕ НАУКИОбщие вопросы. Организация здравоохранения. Медицинская промышленность. Медицинская техника. Гигиена и санитария,Ежемес,Летопись печатных и периодических изданий СССР. Журналы. 1981 - 1985,журнал,30.0,26415.0,40.0,22611.0,40.0,22577.0,40.0,23659.0,40.0,23143.0
943,Медицинская сестра,,Ежемес. массо-во-практ. журн. для сред. мед. работников,/М-во здравоохранения РСФСР.,1942,— М.: Медицина,1981 —,37. ЗДРАВООХРАНЕНИЕ. МЕДИЦИНСКИЕ НАУКИОбщие вопросы. Организация здравоохранения. Медицинская промышленность. Медицинская техника. Гигиена и санитария,Ежемес,Летопись печатных и периодических изданий СССР. Журналы. 1981 - 1985,журнал,10.0,771033.0,20.0,648554.0,20.0,652375.0,20.0,655956.0,20.0,771033.0
944,Медицинская техника,,Двухмес. науч.-тех и. журн.,/М-во мед. пром-сти и Всесоюз. науч. мед.-техн. о-во.,1967,—	М.: Медицина,1981 —Рез. на англ. яз.,37. ЗДРАВООХРАНЕНИЕ. МЕДИЦИНСКИЕ НАУКИОбщие вопросы. Организация здравоохранения. Медицинская промышленность. Медицинская техника. Гигиена и санитария,Двухмес,Летопись печатных и периодических изданий СССР. Журналы. 1981 - 1985,журнал,60.0,4640.0,60.0,3979.0,60.0,4221.0,60.0,4297.0,60.0,4308.0
945,Медицинский журнал Узбекистана,,Ежемес. науч.-практ. журн.,/М-во здравоохранения УзССР.,1922,— Таш-кент: Медицина,1981 —Подзаг.: 1981 —1983 № 6 отсутствует.—	Н а д з а г.: 1981—1983 № 6 отсутствует.,37. ЗДРАВООХРАНЕНИЕ. МЕДИЦИНСКИЕ НАУКИОбщие вопросы. Организация здравоохранения. Медицинская промышленность. Медицинская техника. Гигиена и санитария,Ежемес,Летопись печатных и периодических изданий СССР. Журналы. 1981 - 1985,журнал,30.0,16785.0,45.0,14475.0,45.0,14725.0,45.0,17145.0,45.0,15050.0
946,Медицинский реферативный журнал Разд. 1. Внутренние болезни. Курортология. физиотерапия и лечебная физкультура Спортивная медицина.,,МРЖ,/М-во здравоохранения СССР. ВНИИ мед. и мед.-техн. информ.,1957,— М.,"1981 —Все серии повторяют год изд. основных разд., выходящих с 1957 г. — Ежемес Указ, к каждому году каждой серии.",37. ЗДРАВООХРАНЕНИЕ. МЕДИЦИНСКИЕ НАУКИОбщие вопросы. Организация здравоохранения. Медицинская промышленность. Медицинская техника. Гигиена и санитария,Ежемес,Летопись печатных и периодических изданий СССР. Журналы. 1981 - 1985,журнал,150.0,3533.0,150.0,3229.0,150.0,3520.0,150.0,3712.0,150.0,3736.0
947,Медицинский реферативный журнал Разд. 2. Туберкулез и пульмонология,,МРЖ,/М-во здравоохранения СССР. ВНИИ мед. и мед.-техн. информ.,1957,— М.,"1981 —Все серии повторяют год изд. основных разд., выходящих с 1957 г. — Ежемес Указ, к каждому году каждой серин. . — 1960 —",37. ЗДРАВООХРАНЕНИЕ. МЕДИЦИНСКИЕ НАУКИОбщие вопросы. Организация здравоохранения. Медицинская промышленность. Медицинская техника. Гигиена и санитария,Ежемес,Летопись печатных и периодических изданий СССР. Журналы. 1981 - 1985,журнал,75.0,3191.0,75.0,2625.0,75.0,2763.0,75.0,2747.0,75.0,2724.0
948,Медицинский реферативный журнал Разд. 3. Медицинская микробиология. Медицинская вирусология. Медицинская паразитология. Эпидемиология. Инфекционные болезни. Антибиотики и химиотерапия,,МРЖ,/М-во здравоохранения СССР. ВНИИ мед. и мед.-техн. информ.,1957,— М.,"1981 —Все серии повторяют год изд. основных разд., выходящих с 1957 г. — Ежемес Указ, к каждому году каждой серин. . — 1960 —",37. ЗДРАВООХРАНЕНИЕ. МЕДИЦИНСКИЕ НАУКИОбщие вопросы. Организация здравоохранения. Медицинская промышленность. Медицинская техника. Гигиена и санитария,Ежемес,Летопись печатных и периодических изданий СССР. Журналы. 1981 - 1985,журнал,150.0,2460.0,150.0,2144.0,150.0,2161.0,150.0,2430.0,150.0,2299.0
949,Медицинский реферативный журнал Разд. 4. Хирургия. Анестезиология и реаниматология. Травматология и ортопедия,,МРЖ,/М-во здравоохранения СССР. ВНИИ мед. и мед.-техн. информ.,1957,— М.,"1981 —Все серии повторяют год изд. основных разд., выходящих с 1957 г. — Ежемес Указ, к каждому году каждой серин. .— 1960 —",37. ЗДРАВООХРАНЕНИЕ. МЕДИЦИНСКИЕ НАУКИОбщие вопросы. Организация здравоохранения. Медицинская промышленность. Медицинская техника. Гигиена и санитария,Ежемес,Летопись печатных и периодических изданий СССР. Журналы. 1981 - 1985,журнал,125.0,4182.0,125.0,3718.0,125.0,3871.0,125.0,4036.0,125.0,4133.0
950,Медицинский реферативный журнал Разд. 5. Педиатрия.,,МРЖ,/М-во здравоохранения СССР. ВНИИ мед. и мед.-техн. информ.,1957,— М.,"1981 —Все серии повторяют год изд. основных разд., выходящих с 1957 г. — Ежемес Указ, к каждому году каждой серин.  — 1960 —",37. ЗДРАВООХРАНЕНИЕ. МЕДИЦИНСКИЕ НАУКИОбщие вопросы. Организация здравоохранения. Медицинская промышленность. Медицинская техника. Гигиена и санитария,Ежемес,Летопись печатных и периодических изданий СССР. Журналы. 1981 - 1985,журнал,100.0,2634.0,100.0,2321.0,100.0,2517.0,100.0,2693.0,100.0,2709.0
951,Медицинский реферативный журнал Разд. 6. Онкология клиническая. Радиология медицинская. Рентгенология.,,МРЖ,/М-во здравоохранения СССР. ВНИИ мед. и мед.-техн. информ.,1957,— М.,"1981 —Все серии повторяют год изд. основных разд., выходящих с 1957 г. — Ежемес Указ, к каждому году каждой серин.  — 1960",37. ЗДРАВООХРАНЕНИЕ. МЕДИЦИНСКИЕ НАУКИОбщие вопросы. Организация здравоохранения. Медицинская промышленность. Медицинская техника. Гигиена и санитария,Ежемес,Летопись печатных и периодических изданий СССР. Журналы. 1981 - 1985,журнал,,1788.0,,1594.0,,1606.0,,1676.0,,1636.0
952,Медицинский реферативный журнал Разд. 7. Гигиена и санитария. Судебная медицина.,,МРЖ,/М-во здравоохранения СССР. ВНИИ мед. и мед.-техн. информ.,1957,— М.,"1981 —Все серии повторяют год изд. основных разд., выходящих с 1957 г. — Ежемес Указ, к каждому году каждой серин.   — 1960 —",37. ЗДРАВООХРАНЕНИЕ. МЕДИЦИНСКИЕ НАУКИОбщие вопросы. Организация здравоохранения. Медицинская промышленность. Медицинская техника. Гигиена и санитария,Ежемес,Летопись печатных и периодических изданий СССР. Журналы. 1981 - 1985,журнал,25.0,1672.0,25.0,1555.0,25.0,1602.0,25.0,1705.0,25.0,1671.0
953,Медицинский реферативный журнал Разд. 8. Офтальмология.,,МРЖ,/М-во здравоохранения СССР. ВНИИ мед. и мед.-техн. информ.,1957,— М.,"1981 —Все серии повторяют год изд. основных разд., выходящих с 1957 г. — Ежемес Указ, к каждому году каждой серин.  — 1963 —",37. ЗДРАВООХРАНЕНИЕ. МЕДИЦИНСКИЕ НАУКИОбщие вопросы. Организация здравоохранения. Медицинская промышленность. Медицинская техника. Гигиена и санитария,Ежемес,Летопись печатных и периодических изданий СССР. Журналы. 1981 - 1985,журнал,50.0,3198.0,50.0,3032.0,50.0,19813198.0,50.0,3060.0,50.0,2998.0
954,Медицинский реферативный журнал Разд. 9. Невропатология. Нейрохирургия,,МРЖ,/М-во здравоохранения СССР. ВНИИ мед. и мед.-техн. информ.,1957,— М.,"1981 —Все серии повторяют год изд. основных разд., выходящих с 1957 г. — Ежемес Указ, к каждому году каждой серин.  — 1960 —",37. ЗДРАВООХРАНЕНИЕ. МЕДИЦИНСКИЕ НАУКИОбщие вопросы. Организация здравоохранения. Медицинская промышленность. Медицинская техника. Гигиена и санитария,Ежемес,Летопись печатных и периодических изданий СССР. Журналы. 1981 - 1985,журнал,75.0,19822962.0,75.0,2962.0,75.0,3095.0,75.0,3201.0,75.0,3280.0
955,Медицинский реферативный журнал Разд. 10. Акушерство. Гинекология.,,МРЖ,/М-во здравоохранения СССР. ВНИИ мед. и мед.-техн. информ.,1957,— М.,"1981 —Все серии повторяют год изд. основных разд., выходящих с 1957 г. — Ежемес Указ, к каждому году каждой серин.  — 1960 —",37. ЗДРАВООХРАНЕНИЕ. МЕДИЦИНСКИЕ НАУКИОбщие вопросы. Организация здравоохранения. Медицинская промышленность. Медицинская техника. Гигиена и санитария,Ежемес,Летопись печатных и периодических изданий СССР. Журналы. 1981 - 1985,журнал,75.0,3705.0,75.0,3287.0,75.0,19813705.0,75.0,3727.0,75.0,3765.0
956,Медицинский реферативный журнал Разд. 11. Дерматология. Венерология.,,МРЖ,/М-во здравоохранения СССР. ВНИИ мед. и мед.-техн. информ.,1957,— М.,"1981 —Все серии повторяют год изд. основных разд., выходящих с 1957 г. — Ежемес Указ, к каждому году каждой серин.  —• 1963 —",37. ЗДРАВООХРАНЕНИЕ. МЕДИЦИНСКИЕ НАУКИОбщие вопросы. Организация здравоохранения. Медицинская промышленность. Медицинская техника. Гигиена и санитария,Ежемес,Летопись печатных и периодических изданий СССР. Журналы. 1981 - 1985,журнал,50.0,3088.0,50.0,2796.0,50.0,2902.0,50.0,2925.0,50.0,2950.0
957,Медицинский реферативный журнал Разд. 12. Стоматология.,,МРЖ,/М-во здравоохранения СССР. ВНИИ мед. и мед.-техн. информ.,1957,— М.,"1981 —Все серии повторяют год изд. основных разд., выходящих с 1957 г. — Ежемес Указ, к каждому году каждой серин.  — 1963 —",37. ЗДРАВООХРАНЕНИЕ. МЕДИЦИНСКИЕ НАУКИОбщие вопросы. Организация здравоохранения. Медицинская промышленность. Медицинская техника. Гигиена и санитария,Ежемес,Летопись печатных и периодических изданий СССР. Журналы. 1981 - 1985,журнал,50.0,3559.0,50.0,3092.0,50.0,3305.0,50.0,3363.0,50.0,3335.0
958,Медицинский реферативный журнал Разд. 13. Оториноларингология.,,МРЖ,/М-во здравоохранения СССР. ВНИИ мед. и мед.-техн. информ.,1957,— М.,"1981 —Все серии повторяют год изд. основных разд., выходящих с 1957 г. — Ежемес Указ, к каждому году каждой серин.  — 1963",37. ЗДРАВООХРАНЕНИЕ. МЕДИЦИНСКИЕ НАУКИОбщие вопросы. Организация здравоохранения. Медицинская промышленность. Медицинская техника. Гигиена и санитария,Ежемес,Летопись печатных и периодических изданий СССР. Журналы. 1981 - 1985,журнал,50.0,2698.0,50.0,2459.0,50.0,2512.0,50.0,2593.0,50.0,2533.0
959,Медицинский реферативный журнал Разд. 14. Психиатрия.,,МРЖ,/М-во здравоохранения СССР. ВНИИ мед. и мед.-техн. информ.,1957,— М.,"1981 —Все серии повторяют год изд. основных разд., выходящих с 1957 г. — Ежемес Указ, к каждому году каждой серин.  — 1969 —",37. ЗДРАВООХРАНЕНИЕ. МЕДИЦИНСКИЕ НАУКИОбщие вопросы. Организация здравоохранения. Медицинская промышленность. Медицинская техника. Гигиена и санитария,Ежемес,Летопись печатных и периодических изданий СССР. Журналы. 1981 - 1985,журнал,50.0,4139.0,50.0,3676.0,50.0,3869.0,50.0,3934.0,50.0,3982.0
960,Медицинский реферативный журнал Разд. 15. Кардиология. Ревматология.,,МРЖ,/М-во здравоохранения СССР. ВНИИ мед. и мед.-техн. информ.,1957,— М.,"1981 —Все серии повторяют год изд. основных разд., выходящих с 1957 г. — Ежемес Указ, к каждому году каждой серин.  — 1975 —",37. ЗДРАВООХРАНЕНИЕ. МЕДИЦИНСКИЕ НАУКИОбщие вопросы. Организация здравоохранения. Медицинская промышленность. Медицинская техника. Гигиена и санитария,Ежемес,Летопись печатных и периодических изданий СССР. Журналы. 1981 - 1985,журнал,75.0,2591.0,75.0,2369.0,75.0,2529.0,75.0,2708.0,75.0,2840.0
961,Медицинский реферативный журнал Разд. 16. Социальная гигиена и организация здравоохранения. Санитарное просвещение. История медицины. Проблемы медицинской информации.,,МРЖ,/М-во здравоохранения СССР. ВНИИ мед. и мед.-техн. информ.,1957,— М.,"1981 —Все серии повторяют год изд. основных разд., выходящих с 1957 г. — Ежемес Указ, к каждому году каждой серин.  — 1969 —",37. ЗДРАВООХРАНЕНИЕ. МЕДИЦИНСКИЕ НАУКИОбщие вопросы. Организация здравоохранения. Медицинская промышленность. Медицинская техника. Гигиена и санитария,Ежемес,Летопись печатных и периодических изданий СССР. Журналы. 1981 - 1985,журнал,100.0,2422.0,100.0,2084.0,100.0,2245.0,100.0,2535.0,100.0,2528.0
962,Медицинский реферативный журнал Разд. 17. Гастроэнтерология.,,МРЖ,/М-во здравоохранения СССР. ВНИИ мед. и мед.-техн. информ.,1957,— М.,"1981 —Все серии повторяют год изд. основных разд., выходящих с 1957 г. — Ежемес Указ, к каждому году каждой серин.  — 1975— .",37. ЗДРАВООХРАНЕНИЕ. МЕДИЦИНСКИЕ НАУКИОбщие вопросы. Организация здравоохранения. Медицинская промышленность. Медицинская техника. Гигиена и санитария,Ежемес,Летопись печатных и периодических изданий СССР. Журналы. 1981 - 1985,журнал,50.0,2371.0,50.0,2181.0,50.0,2269.0,50.0,2438.0,50.0,2388.0
963,Медицинский реферативный журнал Разд. 18. Гематология и переливание крови.,,МРЖ,/М-во здравоохранения СССР. ВНИИ мед. и мед.-техн. информ.,1957,— М.,"1981 —Все серии повторяют год изд. основных разд., выходящих с 1957 г. — Ежемес Указ, к каждому году каждой серин.  — 1975 ‘—",37. ЗДРАВООХРАНЕНИЕ. МЕДИЦИНСКИЕ НАУКИОбщие вопросы. Организация здравоохранения. Медицинская промышленность. Медицинская техника. Гигиена и санитария,Ежемес,Летопись печатных и периодических изданий СССР. Журналы. 1981 - 1985,журнал,50.0,1493.0,50.0,1418.0,50.0,1450.0,50.0,1519.0,50.0,1524.0
964,Медицинский реферативный журнал Разд. 19. Урология. Оперативная нефрология.,,МРЖ,/М-во здравоохранения СССР. ВНИИ мед. и мед.-техн. информ.,1957,— М.,"1981 —Все серии повторяют год изд. основных разд., выходящих с 1957 г. — Ежемес Указ, к каждому году каждой серин.  — 1975 •—",37. ЗДРАВООХРАНЕНИЕ. МЕДИЦИНСКИЕ НАУКИОбщие вопросы. Организация здравоохранения. Медицинская промышленность. Медицинская техника. Гигиена и санитария,Ежемес,Летопись печатных и периодических изданий СССР. Журналы. 1981 - 1985,журнал,50.0,2438.0,50.0,2308.0,50.0,2491.0,50.0,2678.0,50.0,2721.0
965,Медицинский реферативный журнал Разд 20. Эндокринология.,,МРЖ,/М-во здравоохранения СССР. ВНИИ мед. и мед.-техн. информ.,1957,— М.,"1981 —Все серии повторяют год изд. основных разд., выходящих с 1957 г. — Ежемес Указ, к каждому году каждой серин.  — 1975 —",37. ЗДРАВООХРАНЕНИЕ. МЕДИЦИНСКИЕ НАУКИОбщие вопросы. Организация здравоохранения. Медицинская промышленность. Медицинская техника. Гигиена и санитария,Ежемес,Летопись печатных и периодических изданий СССР. Журналы. 1981 - 1985,журнал,50.0,1708.0,50.0,1593.0,50.0,1647.0,50.0,1708.0,50.0,1720.0
966,Медицинский реферативный журнал Разд. 21. Медицинская генетика. Общая и прикладная иммунология. Трансплантация органов и тканей.,,МРЖ,/М-во здравоохранения СССР. ВНИИ мед. и мед.-техн. информ.,1957,— М.,"1981 —Все серии повторяют год изд. основных разд., выходящих с 1957 г. — Ежемес Указ, к каждому году каждой серин.  — 1975 —",37. ЗДРАВООХРАНЕНИЕ. МЕДИЦИНСКИЕ НАУКИОбщие вопросы. Организация здравоохранения. Медицинская промышленность. Медицинская техника. Гигиена и санитария,Ежемес,Летопись печатных и периодических изданий СССР. Журналы. 1981 - 1985,журнал,75.0,1136.0,75.0,1055.0,75.0,1049.0,75.0,1102.0,75.0,1064.0
967,Медицинский реферативный журнал Разд. 22. Фармация. Медицинская техника. Лаборатоштое дело.,,МРЖ,/М-во здравоохранения СССР. ВНИИ мед. и мед.-техн. информ.,1957,— М.,"1981 —Все серии повторяют год изд. основных разд., выходящих с 1957 г. — Ежемес Указ, к каждому году каждой серин.  — 1975 —",37. ЗДРАВООХРАНЕНИЕ. МЕДИЦИНСКИЕ НАУКИОбщие вопросы. Организация здравоохранения. Медицинская промышленность. Медицинская техника. Гигиена и санитария,Ежемес,Летопись печатных и периодических изданий СССР. Журналы. 1981 - 1985,журнал,75.0,2482.0,75.0,2142.0,75.0,2234.0,75.0,3184.0,75.0,2289.0
968,Советская медицина,,"Ежемес. науч,-практ. журн. Орган М-ва здравоохранения РСФСР.",Орган М-ва здравоохранения РСФСР.,1937,— М.: Меди-цина,1981 —Рез. на англ. яз.,37. ЗДРАВООХРАНЕНИЕ. МЕДИЦИНСКИЕ НАУКИОбщие вопросы. Организация здравоохранения. Медицинская промышленность. Медицинская техника. Гигиена и санитария,Ежемес,Летопись печатных и периодических изданий СССР. Журналы. 1981 - 1985,журнал,60.0,396.0,80.0,13199.0,80.0,13427.0,80.0,13270.0,80.0,13007.0
969,Советская медицина,Сабчота меди-цина,Двухмес. науч.-практ. журн. М-ва здравоохранения ГССР.,М-ва здравоохранения ГССР.,1922,—•Тбилиси: Изд-во ЦК КП Грузии,"1981 —Груз. яз., рез. на англ, и pvc. яз.",37. ЗДРАВООХРАНЕНИЕ. МЕДИЦИНСКИЕ НАУКИОбщие вопросы. Организация здравоохранения. Медицинская промышленность. Медицинская техника. Гигиена и санитария,Двухмес,Летопись печатных и периодических изданий СССР. Журналы. 1981 - 1985,журнал,50.0,19275.0,50.0,18125.0,50.0,17250.0,50.0,17750.0,50.0,19250.0
970,Советский Красный Крест,,Ежемес.журн. Орган Испол. ком. ордена Ленина Союза о-в Красного Креста и Красного Полумесяца СССР.,Орган Испол. ком. ордена Ленина Союза о-в Красного Креста и Красного Полумесяца СССР.,1923,—М.: Медицина,1981 ■—Изд-во: 1981 —1982 отсутствует.,37. ЗДРАВООХРАНЕНИЕ. МЕДИЦИНСКИЕ НАУКИОбщие вопросы. Организация здравоохранения. Медицинская промышленность. Медицинская техника. Гигиена и санитария,Ежемес,Летопись печатных и периодических изданий СССР. Журналы. 1981 - 1985,журнал,25.0,1036988.0,35.0,757205.0,35.0,600192.0,35.0,595085.0,35.0,574678.0
971,Советское здравоохранение,,Ежемес.науч.-практ. журн.,/М-во здравоохранения СССР.,1942,— М.: Медицина,1981 —Рез. на англ. яз.■,37. ЗДРАВООХРАНЕНИЕ. МЕДИЦИНСКИЕ НАУКИОбщие вопросы. Организация здравоохранения. Медицинская промышленность. Медицинская техника. Гигиена и санитария,Ежемес,Летопись печатных и периодических изданий СССР. Журналы. 1981 - 1985,журнал,40.0,21744.0,45.0,19444.0,45.0,19886.0,45.0,20163.0,45.0,20572.0
972,Хроника ВОЗ,,"Изд. ВОЗ для мед. работников и специалистов в области обществ здравоохранения. Журн. содержит обзор основ, мероприятий по здравоохранению, осуществляемых различ. странами и регионами при поддержке ВОЗ. а также ашют. др. изд.. публ.",/ ВОЗ.,1948,—	Женева,"1981 —Изд. на рус. яз. с 1960 (М.: Медицина).—	Двухмес. (1981 9 раз.) —Парал. загл. на англ, яз.: WHO Chronicle. — Выходит также в др. странах на англ., араб., исп., кит. и фр. яз.",37. ЗДРАВООХРАНЕНИЕ. МЕДИЦИНСКИЕ НАУКИОбщие вопросы. Организация здравоохранения. Медицинская промышленность. Медицинская техника. Гигиена и санитария,Двухмес,Летопись печатных и периодических изданий СССР. Журналы. 1981 - 1985,журнал,465.0,,40.0,,40.0,,40.0,,40.0,
973,Антибиотики и медицинская биотехнология,,Ежемес. науч.-практ. журн.,/М-во мед. пром-сти СССР.,1956,— М.,"1981 —Парал. загл. на англ, яз.: Antibiotics and Medical Biotechnology. — Рез. на англ. яз. — Загл.: 1980—1984 Антибиотики,",Медико-биологические дисциплины,Ежемес,Летопись печатных и периодических изданий СССР. Журналы. 1981 - 1985,журнал,80.0,3973.0,80.0,3167.0,80.0,3296.0,80.0,3350.0,80.0,3547.0
974,Архив патологии,,Ежемес. науч.-тео-рет. журн.,"/АМН СССР, Всесоюз. науч. о-во патологоанатомов.",1935,—М.: Медицина,"1981 —Рез. на англ. яз. — П о д з а г.: 1984 № 10, 1985 № 2—6 Ежемес. науч.-практ. журн.",Медико-биологические дисциплины,Ежемес,Летопись печатных и периодических изданий СССР. Журналы. 1981 - 1985,журнал,90.0,5401.0,90.0,4467.0,90.0,4532.0,90.0,4526.0,90.0,4626.0
451,Бюллетень экспериментальной биологии и медицины. М,См. 451.,См. 451.,См. 451.,См. 451.,См. 451.,См. 451.,Медико-биологические дисциплины,См. 451.,Летопись печатных и периодических изданий СССР. Журналы. 1981 - 1985,журнал,,,,,,,,,,
458,"Журнал микробиологии, эпидемиологии и иммунобиологии. М",См. 458.,См. 458.,См. 458.,См. 458.,См. 458.,См. 458.,Медико-биологические дисциплины,См. 458.,Летопись печатных и периодических изданий СССР. Журналы. 1981 - 1985,журнал,,,,,,,,,,
975,Иммунология,,Двухмес. науч.-теорет.журн.,/АМН СССР.,1980,— М.:Медицина,1981 ■—Рез. на англ. яз.,Медико-биологические дисциплины,Двухмес,Летопись печатных и периодических изданий СССР. Журналы. 1981 - 1985,журнал,130.0,2289.0,140.0,2021.0,140.0,2092.0,140.0,2235.0,140.0,2384.0
976,Медицинская паразитология и пара-зитарные болезни,,Двухмес. науч.-практ. жури.,"/М-во здравоохранения СССР, Все-союз. о-во эпидемиологов, микробиологов и паразитологов им. И. И. Мечникова.",1923,— Мл Медицина,1981 —Рез. на англ. яз.,Медико-биологические дисциплины,Двухмес,Летопись печатных и периодических изданий СССР. Журналы. 1981 - 1985,журнал,100.0,3678.0,100.0,3249.0,100.0,3252.0,100.0,3343.0,100.0,3330.0
977,Патологическая физиология и экспе-риментальная терапия,,Двухмес. иауч.-тео-рет. жури.,"/АМН СССР, Всесоюз. науч. о-во патофизиологов.",1957,— М.: Ме-дицина,1981 -—Рез. на англ. яз.,Медико-биологические дисциплины,Двухмес,Летопись печатных и периодических изданий СССР. Журналы. 1981 - 1985,журнал,100.0,2011.0,100.0,1889.0,100.0,1813.0,100.0,1798.0,100.0,1799.0
978,Фармакология и токсикология,,Двухмес. науч.-теорет. журн.,"/АМН СССР, Всесоюз. науч. о-во фармакологов.",1938,— М.: Медицина,1981 —Рез. на англ. яз. — Надзаг.: 1981 — 1983 № 4 ...о-во фармакологии.,Медико-биологические дисциплины,Двухмес,Летопись печатных и периодических изданий СССР. Журналы. 1981 - 1985,журнал,120.0,3720.0,120.0,3122.0,120.0,3224.0,120.0,3344.0,120.0,3421.0
979,Фармацевтический журнал,Фарма-цевтичний журнал,Двухмес. науч.-практ. журн. М-ва здравоохранения УССР.,М-ва здравоохранения УССР.,1928,— Киев: Здоров’я,"1981 —Укр. яз., рез. на англ, и рус. яз.",Медико-биологические дисциплины,Двухмес,Летопись печатных и периодических изданий СССР. Журналы. 1981 - 1985,журнал,40.0,13766.0,60.0,10935.0,60.0,11356.0,60.0,12072.0,60.0,11255.0
980,Фармация,,Двухмес. иауч.-практ. журн.,"/М-во здравоохранения СССР, Всесоюз. науч. о-во фармацевтов.",1952,—	М.: Медицина,1981 —Рез. на англ. яз.,Медико-биологические дисциплины,Двухмес,Летопись печатных и периодических изданий СССР. Журналы. 1981 - 1985,журнал,40.0,29684.0,60.0,26382.0,60.0,27013.0,60.0,27751.0,60.0,27500.0
981,Химико-фармацевтический журнал,,Ежемес. науч.-техн. и произв. журн.,/М-во мед. пром-сти СССР.,1967,— М.:Медицина,1981 •—,Медико-биологические дисциплины,Ежемес,Летопись печатных и периодических изданий СССР. Журналы. 1981 - 1985,журнал,120.0,1845.0,120.0,1546.0,120.0,1613.0,120.0,1639.0,120.0,1779.0
982,Акушерство и гинекология,,Ежемес.науч.-практ. журн.,"/М-во здравоохранения СССР, Всесоюз. науч. о-во акушеров-гинеко-логов.",1922,— М.: Медицина,1981. —Рез. на англ. яз.,Клиническая медицина. Прикладные отрасли медицины,Ежемес,Летопись печатных и периодических изданий СССР. Журналы. 1981 - 1985,журнал,35.0,78323.0,55.0,62301.0,55.0,63792.0,55.0,65234.0,55.0,64595.0
983,Анестезиология и реаниматология,,Двухмес. науч.-практ. журн.,"/М-во здравоохранения СССР, Всесоюз. науч. о-во анестезиологов и реаниматологов.",1956,— М.: Медицина,1981 —Рез. на англ. яз.,Клиническая медицина. Прикладные отрасли медицины,Двухмес,Летопись печатных и периодических изданий СССР. Журналы. 1981 - 1985,журнал,90.0,13911.0,90.0,13532.0,90.0,13616.0,90.0,14073.0,90.0,14596.0
984,Вестник дерматологии и венерологии,,Ежемес. науч.-практ. журн.,"/М-во здравоохранения СССР, Всесоюз. науч. о-во дерматологов и венерологов.",1924,—М.: Медицина,1981 •—Рез. на англ. яз.,Клиническая медицина. Прикладные отрасли медицины,Ежемес,Летопись печатных и периодических изданий СССР. Журналы. 1981 - 1985,журнал,40.0,16035.0,65.0,14033.0,65.0,14283.0,65.0,14819.0,65.0,14533.0
985,Вестник оториноларингологии,,Двух-мес. науч.-нракт. журн.,"/М-во здравоохранения СССР, Всесоюз. науч. о-во оториноларингологов.",1936,— М.: Медици-на,1981 ■—Рез. на англ. яз.,Клиническая медицина. Прикладные отрасли медицины,Двух-мес,Летопись печатных и периодических изданий СССР. Журналы. 1981 - 1985,журнал,50.0,15662.0,70.0,13858.0,70.0,13818.0,70.0,13743.0,70.0,13314.0
986,Вестник офтальмологии,,Двухмес.науч.-практ. журн.,"/ М-во здравоохранения СССР, Всесоюз. науч. о-во офтальмологов.",1884,—М.: Медицина,"1981 —Парал. загл. на англ, яз.: Annals of Ophthalmology. — Рез. на англ. яз.",Клиническая медицина. Прикладные отрасли медицины,Двухмес,Летопись печатных и периодических изданий СССР. Журналы. 1981 - 1985,журнал,40.0,16121.0,60.0,14902.0,60.0,14950.0,60.0,15134.0,60.0,15445.0
987,Вестник рентгенологии и радиологии,,Двухмес. науч.-практ. журн.,"/М-во здравоохранения СССР, Всесоюз. науч. о-во рентгенологов и радиологов.",1920,—	М.: Медицина,1981 —Рез. на англ. яз.,Клиническая медицина. Прикладные отрасли медицины,Двухмес,Летопись печатных и периодических изданий СССР. Журналы. 1981 - 1985,журнал,80.0,18603.0,80.0,17429.0,80.0,17415.0,80.0,17759.0,80.0,17629.0
988,Вестник хирургии им. И. И. Греко-ва,,Ежемес. науч.-практ. журн.,"/М-во здравоохранения СССР, Всесоюз. о-во хирургов, Хирург, о-во Пирогова.",1885,—Л.: Медицина,"Ленингр. отд-ние, 1981 —Рез. на англ. яз.",Клиническая медицина. Прикладные отрасли медицины,Ежемес,Летопись печатных и периодических изданий СССР. Журналы. 1981 - 1985,журнал,60.0,22537.0,90.0,19943.0,90.0,19488.0,90.0,19293.0,90.0,19022.0
989,Военно-медицинский журнал,,Еже-мес. теорет. и науч.-практ. журн. М-ва обороны СССР.,М-ва обороны СССР.,1823,— М.: Краснаязвезда,1981 —,Клиническая медицина. Прикладные отрасли медицины,Еже-мес,Летопись печатных и периодических изданий СССР. Журналы. 1981 - 1985,журнал,30.0,,50.0,,50.0,,50.0,,50.0,
453,Вопросы вирусологии. М,См. 453.,См. 453.,См. 453.,См. 453.,См. 453.,См. 453.,Клиническая медицина. Прикладные отрасли медицины,См. 453.,Летопись печатных и периодических изданий СССР. Журналы. 1981 - 1985,журнал,,,,,,,,,,
990,"Вопросы курортологии, физиотерапии и лечебной физической культуры",,Двухмес. науч.-практ. журн.,"/М-во здравоохранения СССР, Всесоюз. науч. о-во физиотерапевтов и курортологов и Всесоюз. науч. о-во по ле-чеб. физкультуре и спорт, медицине.",1923,— М.: Медицина,1981 —Рез. на англ. яз. — Н а д з а г.: 1981 №	1... курортологов и Всесоюз. науч. о-во вра-чеб. контроля и лечеб. физ. культуры.,Клиническая медицина. Прикладные отрасли медицины,Двухмес,Летопись печатных и периодических изданий СССР. Журналы. 1981 - 1985,журнал,40.0,18439.0,60.0,15678.0,60.0,16601.0,60.0,17819.0,60.0,18523.0
991,Вопросы онкологии,,Ежемес. науч.-практ. жури.,"/М-во здравоохранения СССР, Всесоюз. науч. о-во онкологов.",1955,—	М.: Медицина,1981 <—Рез. на англ. яз.,Клиническая медицина. Прикладные отрасли медицины,Ежемес,Летопись печатных и периодических изданий СССР. Журналы. 1981 - 1985,журнал,60.0,6375.0,80.0,5365.0,80.0,5505.0,80.0,5825.0,80.0,6146.0
992,Гематология и трансфузиология,,Ежемес. науч.-практ. журн.,"/М-во здравоохранения СССР, Всесоюз. о-во гематологов и траисфузиологов.",1956,— М.:Медицина,"1981 —Рез. на англ. яз. — Загл.: 1980—1982 Проблемы гематологии и переливания крови,",Клиническая медицина. Прикладные отрасли медицины,Ежемес,Летопись печатных и периодических изданий СССР. Журналы. 1981 - 1985,журнал,50.0,5954.0,50.0,5134.0,50.0,5041.0,50.0,4868.0,50.0,4956.0
993,Грудная хирургия,,Двухмес. науч.-практ. журн.,"/М-во здравоохранения СССР, Всесоюз. науч. о-во хирургов.",1959,—	М.: Медицина,1981 *—Рез. на англ. яз.,Клиническая медицина. Прикладные отрасли медицины,Двухмес,Летопись печатных и периодических изданий СССР. Журналы. 1981 - 1985,журнал,100.0,3163.0,100.0,2873.0,100.0,2848.0,100.0,2835.0,100.0,2893.0
994,Журнал Вопросы нейрохирургии им. И. Н. Бурденко,,Двухмес. науч.-практ. журн.,"/М-во здравоохранения СССР, Всесоюз. науч. о-во нейрохирургов.",1937,— М.: Медицина,1981 -—Рез. на англ. яз.,Клиническая медицина. Прикладные отрасли медицины,Двухмес,Летопись печатных и периодических изданий СССР. Журналы. 1981 - 1985,журнал,70.0,3777.0,70.0,3326.0,70.0,3528.0,70.0,3696.0,70.0,3830.0
995,Журнал невропатологии и психиатрииим. С. С. Корсакова,,Ежемес. науч.-практ. журн.,"/М-во здравоохранения СССР, Всесоюз. науч. о-во невропатологов и психиатров.",1901,— М.: Медицина,1981Рез. на англ. яз.,Клиническая медицина. Прикладные отрасли медицины,Ежемес,Летопись печатных и периодических изданий СССР. Журналы. 1981 - 1985,журнал,60.0,28563.0,90.0,23432.0,90.0,23704.0,90.0,24814.0,90.0,25227.0
996,"Журнал ушных, носовых и горловых болезней",,Двухмес. науч.-практ. жури.,"/М-во здравоохранения УССР, Укр. науч. о-во отоларингологов.",1924,— Ки-ев: Здоров'я,1981 •—Рез. на англ. яз.,Клиническая медицина. Прикладные отрасли медицины,Двухмес,Летопись печатных и периодических изданий СССР. Журналы. 1981 - 1985,журнал,60.0,11703.0,70.0,10614.0,70.0,10984.0,70.0,11703.0,70.0,11511.0
997,Кардиология,,Ежемес. науч.-практ.журн.,"/М-во здравоохранения СССР, Всесоюз. науч. кардиол. о-во.",1961,—М.: Медицина,"1981 —Парал. загл. на англ, яз.: Cardiology. — Рез. на англ. яз.",Клиническая медицина. Прикладные отрасли медицины,Ежемес,Летопись печатных и периодических изданий СССР. Журналы. 1981 - 1985,журнал,70.0,21084.0,85.0,18253.0,85.0,18949.0,85.0,18911.0,85.0,19369.0
998,Клиническая хирургия,,Ежемес. науч.-практ. жури.,/М-во здравоохранения УССР.,1921,— Киев: Здоров’я,1981Рез. на англ. яз.,Клиническая медицина. Прикладные отрасли медицины,Ежемес,Летопись печатных и периодических изданий СССР. Журналы. 1981 - 1985,журнал,50.0,12109.0,60.0,10567.0,60.0,11007.0,60.0,11443.0,60.0,11452.0
462,Космическая биология и авиакосмическая медицина. М,См. 462.,См. 462.,См. 462.,См. 462.,См. 462.,См. 462.,Клиническая медицина. Прикладные отрасли медицины,См. 462.,Летопись печатных и периодических изданий СССР. Журналы. 1981 - 1985,журнал,,,,,,,,,,
999,Кровообращение,,Прил. к «Журналуэкспериментальной и клинической медицины»,/АН АрмССР.,1968,— Ере-ван: Изд-во АН АрмССР,"1981 —Двухмес. — Парал. загл. на арм. яз.: Арян шрджанарутюи. — Рез. на англ, и арм. яз.",Клиническая медицина. Прикладные отрасли медицины,Двухмес,Летопись печатных и периодических изданий СССР. Журналы. 1981 - 1985,журнал,30.0,1755.0,40.0,1250.0,40.0,1530.0,40.0,1413.0,40.0,1345.0
1000,Медицинская радиология,,Ежемес.науч.-теорет. журн.,"/АМН СССР, Всесоюз. науч. о-во рентгенологов и радиологов.",1956,— М.: Медицина,1981 —Рез. на англ. яз.,Клиническая медицина. Прикладные отрасли медицины,Ежемес,Летопись печатных и периодических изданий СССР. Журналы. 1981 - 1985,журнал,100.0,2182.0,100.0,2033.0,100.0,1988.0,100.0,2075.0,100.0,2062.0
1001,Нейрофизиология,,Науч.-теорет.журн.,"/АН СССР, Отд-ние физиологии, АН УССР, Отд-ние биохимии, физиологии и теорет. медицины.",1969,—Киев: Наук,"думка, 1981 —Двухмес. — Парал. загл. на англ, яз.: Neurophysiology. — Рез. на англ. яз.",Клиническая медицина. Прикладные отрасли медицины,Двухмес,Летопись печатных и периодических изданий СССР. Журналы. 1981 - 1985,журнал,90.0,1050.0,130.0,970.0,130.0,1030.0,170.0,1030.0,170.0,1030.0
1002,"Ортопедия, травматология и проте-зиоование",,Ежемес. науч.-практ. жури.,"/М-во здравоохранения СССР, Всесоюз. на-уч. о-во травматологов-ортопедов.",1927,— М.; Харьков: Медицина,1981 —Рез. на англ. яз.,Клиническая медицина. Прикладные отрасли медицины,Ежемес,Летопись печатных и периодических изданий СССР. Журналы. 1981 - 1985,журнал,50.0,13578.0,60.0,12363.0,60.0,12726.0,60.0,12886.0,60.0,13215.0
1003,Офтальмологический журнал,,На-уч.-практ. жури.,/М-во здравоохранения УССР.,1946,— Одесса: Здоров’я,1981 —Оси. в 1946 г. акад. В. П. Филатовым. — 8 раз в год. — Рез. на англ. яз.,Клиническая медицина. Прикладные отрасли медицины,8 раз в год,Летопись печатных и периодических изданий СССР. Журналы. 1981 - 1985,журнал,50.0,10827.0,55.0,9803.0,55.0,10525.0,55.0,10734.0,55.0,10814.0
1004,Педиатрия,,Жури. им. Г. Н. Спе-ранского. Ежемес. науч.-практ. жури.,"/М-во здравоохранения СССР, Всесоюз. науч. о-во дет. врачей.",1922,— М.: Ме-дицина,1981 —Рез. на англ. яз.,Клиническая медицина. Прикладные отрасли медицины,Ежемес,Летопись печатных и периодических изданий СССР. Журналы. 1981 - 1985,журнал,35.0,83332.0,50.0,73637.0,50.0,76200.0,50.0,78066.0,50.0,76312.0
1005,"Педиатрия, акушерство и гинеколо-гия","Пед1атрия, акушерство i пнеколопя",Двухмес. науч.-практ. жури. М-ва здравоохранения УССР.,".	Педиатрия, акушерство и гинеколо-гия = Пед1атрия, акушерство i пнеколопя: Двухмес. науч.-практ. жури. М-ва здравоохранения УССР.",1936,— Киев:Здоров’я,"1981 —Укр. яз., рез. на рус. яз.",Клиническая медицина. Прикладные отрасли медицины,Двухмес,Летопись печатных и периодических изданий СССР. Журналы. 1981 - 1985,журнал,50.0,7972.0,50.0,8089.0,50.0,8450.0,50.0,8833.0,50.0,8285.0
1006,Проблемы туберкулеза,,Ежемес. на-уч.-практ. журн.,"/М-во здравоохранения СССР, Всесоюз. науч. о-во фтизиатров.",1923,— М.: Медицина,1981Рез. на англ. яз.,Клиническая медицина. Прикладные отрасли медицины,Ежемес,Летопись печатных и периодических изданий СССР. Журналы. 1981 - 1985,журнал,35.0,17705.0,50.0,15498.0,50.0,15814.0,50.0,15976.0,50.0,15805.0
1007,Проблемы эндокринологии,,Двух-мес. науч.-практ. журн.,"/М-во здравоохранения СССР, Всесоюз. науч. о-во эндокринологов.",1955,— М.: Медицина,1981 —Рез. на англ. яз.,Клиническая медицина. Прикладные отрасли медицины,Двух-мес,Летопись печатных и периодических изданий СССР. Журналы. 1981 - 1985,журнал,80.0,5950.0,80.0,5409.0,80.0,5394.0,80.0,5800.0,80.0,5938.0
1008,Ревматология,,"Кварт, науч.-практ.журн.","/М-во здравоохранения СССР, Всесоюз. науч. ревматол. о-во.",1961,—М.: Медицина,"1981 —Рез. на англ. яз. — Загл.: 1980—1982 Вопросы ревматизма,",Клиническая медицина. Прикладные отрасли медицины,Кварт,Летопись печатных и периодических изданий СССР. Журналы. 1981 - 1985,журнал,50.0,11482.0,65.0,9800.0,65.0,10051.0,65.0,10035.0,65.0,9900.0
1009,Стоматология,,Двухмес. науч.-практ. журн.,"/М-во здравоохранения СССР, Всесоюз. науч. мед. о-во стоматологов.",1922,— М.: Медицина,1981 —Жури. оси. в 1922 г. по инициативе И. Г.Дауге. — Рез. па англ. яз.,Клиническая медицина. Прикладные отрасли медицины,Двухмес,Летопись печатных и периодических изданий СССР. Журналы. 1981 - 1985,журнал,50.0,61558.0,80.0,54726.0,80.0,55799.0,80.0,57233.0,80.0,58230.0
1010,Судебно-медицинская экспертиза,,"Кварт, науч.-практ. журн.","/М-во здравоохранения СССР, Всесоюз. науч. о-во судеб, медиков.",1958,— М.: Медицина,1981 —	.Рез. на англ. яз.,Клиническая медицина. Прикладные отрасли медицины,Кварт,Летопись печатных и периодических изданий СССР. Журналы. 1981 - 1985,журнал,40.0,22728.0,55.0,17332.0,55.0,17148.0,55.0,16909.0,55.0,17186.0
1011,Терапевтический архив,,Ежемес. на-уч.-практ. журн.,"/ М-во здравоохранения СССР, Всесоюз. науч. о-во терапевтов.",1923,— М.: Медицина,1981 —Рез. на англ. яз.,Клиническая медицина. Прикладные отрасли медицины,Ежемес,Летопись печатных и периодических изданий СССР. Журналы. 1981 - 1985,журнал,70.0,76788.0,120.0,56404.0,120.0,55282.0,120.0,54147.0,120.0,50915.0
1012,Урология и нефрология,,Двухмес.науч.-практ. журн.,"/ А4-во здравоохранения СССР, Всесоюз. науч. о-во урологов.",1923,— М.: Медицина,1981 —Рез. на англ. яз.,Клиническая медицина. Прикладные отрасли медицины,Двухмес,Летопись печатных и периодических изданий СССР. Журналы. 1981 - 1985,журнал,50.0,12060.0,60.0,12060.0,60.0,11266.0,60.0,11881.0,60.0,12412.0
1013,Фельдшер и акушерка,,Ежемес. на-уч.-практ. журн.,"/М-во здравоохранения СССР, М-во здравоохранения РСФСР.",1936,— М.: Медицина,1981 —Подзаг.: 1981—1983 № 11 Ежемес. мас-сово-практ. журн.,Клиническая медицина. Прикладные отрасли медицины,Ежемес,Летопись печатных и периодических изданий СССР. Журналы. 1981 - 1985,журнал,20.0,311173.0,30.0,278728.0,30.0,311173.0,30.0,280485.0,30.0,274927.0
1014,Хирургия,,Журн. им. Н. И. Пиро-гова. Ежемес. науч.-практ. журн.,"/М-во здравоохранения СССР, Всесоюз. науч. о-во хирургов.",1925,— М.: Медицина,1981 —Рез. на англ. яз.,Клиническая медицина. Прикладные отрасли медицины,Ежемес,Летопись печатных и периодических изданий СССР. Журналы. 1981 - 1985,журнал,60.0,29507.0,85.0,24786.0,85.0,24391.0,85.0,24387.0,85.0,24037.0
1015,Экспериментальная онкология,,На-уч.-теорет. журн.,"/ АН СССР, Отд-ние физиологии, АН УССР, Отд-ние биохимии, физиологии и теорет. медицины.",1979,— Киев: Наук,"думка, 1981 —Двухмес. — Парал. загл. на англ, яз.: Experimental Oncology. — Рез. на англ. яз.",Клиническая медицина. Прикладные отрасли медицины,Двухмес,Летопись печатных и периодических изданий СССР. Журналы. 1981 - 1985,журнал,80.0,1000.0,100.0,1000.0,100.0,1000.0,100.0,1000.0,100.0,1025.0
